{"cameraMode":{"drawMode":0,"name":"Shaded","section":"Shading Mode"},"sceneLighting":false,"audioPlay":false,"sceneViewState":{"m_AlwaysRefresh":false,"showFog":true,"showSkybox":false,"showFlares":true,"showImageEffects":true,"showParticleSystems":true,"showVisualEffectGraphs":true,"m_FxEnabled":true},"in2DMode":false,"pivot":{"x":-0.061392784118652347,"y":3.6542961597442629,"z":46.496559143066409},"rotation":{"x":-0.07371864467859268,"y":0.8584633469581604,"z":-0.1348820924758911,"w":-0.4904661476612091},"size":17.561349868774415,"orthographic":false}