{"cameraMode":{"drawMode":0,"name":"Shaded","section":"Shading Mode"},"sceneLighting":false,"audioPlay":false,"sceneViewState":{"m_AlwaysRefresh":false,"showFog":true,"showSkybox":false,"showFlares":true,"showImageEffects":true,"showParticleSystems":true,"showVisualEffectGraphs":true,"m_FxEnabled":true},"in2DMode":false,"pivot":{"x":-1.1920928955078126e-7,"y":3.0999999046325685,"z":0.06313681602478028},"rotation":{"x":0.0675516426563263,"y":-0.05386912450194359,"z":-0.008752607740461827,"w":0.9965804219245911},"size":2.4050064086914064,"orthographic":false}